,danceability,energy,key,loudness,mode,speechiness,acousticness,instrumentalness,liveness,valence,tempo,id,duration_ms,time_signature,album_name,artist_name
0,"[0.788, 0.712, 0.74, 0.702, 0.775, 0.832, 0.29, 0.81, 0.716, 0.548, 0.807, 0.804, 0.4]","[0.616, 0.5, 0.682, 0.297, 0.585, 0.659, 0.412, 0.793, 0.648, 0.707, 0.51, 0.451, 0.756]","[9, 9, 9, 10, 10, 10, 6, 6, 8, 4, 0, 6, 11]","[-10.671, -11.948, -10.42, -14.116, -9.516, -7.828, -12.659, -9.404, -11.33, -14.902, -9.729, -8.207, -8.423]","[0, 0, 0, 0, 0, 0, 0, 0, 0, 0, 1, 1, 0]","[0.0337, 0.0338, 0.0504, 0.0317, 0.0271, 0.057, 0.0458, 0.0403, 0.0337, 0.0352, 0.0433, 0.0949, 0.0492]","[0.00286, 0.825, 0.0692, 0.894, 0.0422, 0.0839, 0.477, 0.0378, 0.367, 0.512, 0.041, 0.388, 0.00282]","[0.549, 0.314, 0.53, 0.485, 0.619, 0.00114, 0.0839, 1.77e-06, 0.485, 0.922, 0.115, 2.17e-05, 0.753]","[0.0952, 0.106, 0.381, 0.103, 0.077, 0.0753, 0.079, 0.072, 0.368, 0.105, 0.104, 0.0924, 0.0695]","[0.696, 0.682, 0.41, 0.0676, 0.518, 0.674, 0.12, 0.863, 0.789, 0.284, 0.961, 0.19, 0.0924]","[119.037, 90.039, 113.201, 110.116, 109.942, 100.163, 90.539, 116.05, 104.022, 103.009, 130.118, 178.061, 123.828]","['0dEIca2nhcxDUV8C5QkPYb', '3ctALmweZBapfBdFiIVpji', '0oks4FnzhNp5QPTZtoet7c', '7Bxv0WL7UC6WwQpk9TzdMJ', '2cGxRwrMyEAp8dEbuZaVv6', '5CMjjywI0eZMixPeqNd75R', '7oaEjLP2dTJLJsITbAxTOz', '69kOkLUCkxIZYexIgSG8rq', '0k1xMUwn9sb7bZiqdT9ygx', '79koEJRtKOOGJ0VSAF3FMk', '0IedgQjjJ8Ad4B3UDQ5Lyn', '36c4JohayB9qd64eidQMBi', '2KHRENHQzTIQ001nlP9Gdc']","[275387, 322147, 544627, 228507, 337560, 353893, 498960, 369627, 290240, 341653, 279773, 251293, 383627]","[4, 4, 4, 4, 4, 4, 4, 4, 4, 4, 4, 4, 4]",Random Access Memories,Random Access Memories
1,"[0.717, 0.723, 0.707, 0.635, 0.679, 0.573, 0.689, 0.718]","[0.382, 0.389, 0.515, 0.476, 0.377, 0.442, 0.394, 0.388]","[9, 9, 6, 6, 2, 7, 9, 9]","[-13.752, -13.204, -12.299, -13.942, -14.144, -13.044, -10.859, -12.546]","[1, 1, 0, 0, 1, 1, 1, 1]","[0.64, 0.8, 0.772, 0.446, 0.553, 0.664, 0.768, 0.833]","[0.506, 0.424, 0.359, 0.297, 0.313, 0.666, 0.752, 0.798]","[0, 0, 0, 0, 0, 0, 0, 0]","[0.242, 0.183, 0.237, 0.181, 0.163, 0.23, 0.259, 0.263]","[0.622, 0.624, 0.654, 0.6, 0.586, 0.55, 0.666, 0.661]","[116.632, 118.413, 115.171, 116.154, 116.597, 80.7, 112.787, 123.655]","['4l2bO887Yauqos4LwkCwBm', '3K6HXNtxo1A2eCthCzrwaS', '2fJp2bDmhG62vlmUpuWjxb', '5pZHN9b6KrXlUC5Dt3FA0O', '4I2apNr2XWqSo2UdEFwUsv', '6TOFKxiVogOtLKEBGMIFX7', '40DD7ZKO1urSddN6HhMfuh', '4TgBZlDIwm4kagFvqnw08R']","[473507, 458493, 453200, 422827, 457813, 516467, 485933, 449320]","[4, 3, 4, 4, 4, 3, 4, 4]",Daft Punk | Random Access Memories | The Collaborators,Daft Punk | Random Access Memories | The Collaborators
2,"[0.518, 0.373, 0.634, 0.741, 0.431, 0.595, 0.621, 0.602, 0.597, 0.488, 0.581, 0.517, 0.712, 0.363, 0.69]","[0.527, 0.841, 0.798, 0.806, 0.955, 0.605, 0.853, 0.879, 0.814, 0.934, 0.806, 0.796, 0.725, 0.733, 0.912]","[8, 4, 1, 1, 7, 6, 7, 9, 11, 7, 11, 10, 7, 3, 1]","[-7.684, -6.475, -6.86, -6.443, -5.601, -6.746, -7.504, -6.703, -6.992, -7.189, -4.555, -6.212, -7.317, -8.478, -4.101]","[1, 0, 1, 0, 0, 0, 0, 0, 0, 0, 0, 0, 0, 0, 1]","[0.0687, 0.0614, 0.0607, 0.0371, 0.0361, 0.031, 0.0311, 0.107, 0.0528, 0.0535, 0.0417, 0.0433, 0.104, 0.208, 0.0485]","[0.0569, 0.00141, 0.0283, 0.00531, 0.0175, 0.000132, 0.543, 0.00244, 0.000704, 0.0084, 0.00105, 8.91e-05, 0.124, 0.026, 0.00288]","[0.00263, 0.642, 0.546, 0.783, 0.693, 0.802, 0.912, 0.931, 0.889, 0.815, 0.00461, 0.877, 0.834, 0.472, 0.389]","[0.107, 0.342, 0.1, 0.133, 0.164, 0.181, 0.423, 0.108, 0.124, 0.153, 0.216, 0.111, 0.283, 0.247, 0.338]","[0.213, 0.164, 0.494, 0.248, 0.282, 0.163, 0.2, 0.354, 0.396, 0.266, 0.528, 0.292, 0.156, 0.406, 0.601]","[96.995, 89.926, 125.011, 126.967, 106.011, 130.019, 105.997, 122.995, 128.002, 165.98, 98.006, 124.99, 127.985, 95.803, 124.018]","['4lteJuSjb9Jt9W1W7PIU2U', '66uVqkmHAc0MBUzoPhIypN', '4OEnpg5ubhg6OQ4M2ZjtsL', '2EyK6JBWqftJlxAuqd0Dsq', '1TT6gRprLQ5vSWgoWpyKfR', '6hEvTmmvby9ZTkSdfmPW3m', '03uOJUuuTgaFFI1Efal1no', '3YYnfKM02WkygOwg6ozfrL', '2jFLd9OdNcLsblpv4fDTRn', '3SL3UavpjRKNMM9UVlE9Bx', '2UBYw2qf9PkvoKQ610ocft', '7irNlzUSPNgCDtEyQuS3lm', '1rn6JIHBuBZiwvA57jeoOB', '4OgB6TRmIGBRT4NoFxxIQd', '1Nv1h7ANN9E4rAjLP4OfgA']","[262240, 234987, 267787, 334347, 291507, 275267, 392293, 340187, 412440, 292093, 318720, 367720, 303947, 272853, 304467]","[4, 4, 4, 4, 4, 4, 4, 4, 4, 4, 4, 4, 4, 5, 4]",TRON: Legacy Reconfigured,TRON: Legacy Reconfigured
3,"[0.518, 0.373, 0.634, 0.741, 0.431, 0.595, 0.621, 0.602, 0.597, 0.488, 0.565, 0.515, 0.705, 0.361, 0.693]","[0.527, 0.841, 0.798, 0.806, 0.955, 0.605, 0.853, 0.879, 0.814, 0.934, 0.709, 0.802, 0.738, 0.731, 0.902]","[8, 4, 1, 1, 7, 6, 7, 9, 11, 7, 10, 10, 7, 3, 1]","[-7.684, -6.475, -6.86, -6.443, -5.601, -6.746, -7.504, -6.703, -6.992, -7.189, -5.597, -6.229, -7.282, -8.5, -4.102]","[1, 0, 1, 0, 0, 0, 0, 0, 0, 0, 1, 0, 0, 0, 1]","[0.0687, 0.0614, 0.0607, 0.0371, 0.0361, 0.031, 0.0311, 0.107, 0.0528, 0.0535, 0.0449, 0.043, 0.107, 0.18, 0.0485]","[0.0569, 0.00141, 0.0283, 0.00531, 0.0175, 0.000132, 0.543, 0.00244, 0.000704, 0.0084, 0.0203, 9.84e-05, 0.12, 0.0234, 0.00228]","[0.00263, 0.642, 0.546, 0.783, 0.693, 0.802, 0.912, 0.931, 0.889, 0.815, 0.42, 0.862, 0.873, 0.578, 0.586]","[0.107, 0.342, 0.1, 0.133, 0.164, 0.181, 0.423, 0.108, 0.124, 0.153, 0.171, 0.111, 0.293, 0.263, 0.337]","[0.213, 0.164, 0.494, 0.248, 0.282, 0.163, 0.2, 0.354, 0.396, 0.266, 0.306, 0.305, 0.169, 0.427, 0.596]","[96.995, 89.926, 125.011, 126.967, 106.011, 130.019, 105.997, 122.995, 128.002, 165.98, 97.972, 124.985, 127.984, 149.989, 124.016]","['388Lvca2KrUQE9H7ncsPaR', '0nOQG4M0I1ZQQZwObJyypu', '01DUXyqzNCGRLzDFUKHqL9', '2NX3FnVFt2ZRdpfR2S9D4N', '4YNymLjLipKMLMI47s6mly', '6JI88SbF2bPwuvBSy9ugOY', '7IjETJssFUx0UNWFmvMAbo', '7I3bHCq44GeAqkhHVPdB3z', '3afK6vllAIKHdbJU26Ba2h', '4UB4JVHGOBmNm2SZ3AtucI', '2THibpJxFZgxXs9p1lPuZe', '61yWslYkKWIOmp4xh0cDqo', '1NofLY2veUIRUFAgPuk8QC', '37blqkiHBQ5wIyfpAc4lTi', '0NB2denNdohoKpmrkPwDsQ']","[262240, 234987, 267787, 334347, 291507, 275267, 392293, 340187, 412440, 292093, 318480, 367720, 303947, 272853, 304467]","[4, 4, 4, 4, 4, 4, 4, 4, 4, 4, 4, 4, 4, 4, 4]",TRON: Legacy Reconfigured (Australian Version),TRON: Legacy Reconfigured (Australian Version)
4,"[0.125, 0.555, 0.546, 0.578, 0.394, 0.0671, 0.492, 0.544, 0.569, 0.171, 0.0, 0.509, 0.546, 0.362, 0.176, 0.446, 0.551, 0.346, 0.1, 0.45, 0.432, 0.111, 0.17, 0.436]","[0.0472, 0.524, 0.767, 0.531, 0.0518, 0.423, 0.617, 0.511, 0.45, 0.107, 0.0345, 0.448, 0.6, 0.658, 0.177, 0.199, 0.481, 0.506, 0.103, 0.286, 0.822, 0.104, 0.0453, 0.312]","[1, 1, 0, 1, 5, 3, 4, 9, 0, 1, 0, 10, 1, 11, 10, 2, 2, 10, 8, 1, 1, 5, 8, 0]","[-14.881, -13.401, -17.622, -14.7, -23.923, -13.737, -14.784, -14.739, -15.973, -19.987, -27.387, -11.346, -10.055, -10.213, -23.39, -14.841, -14.546, -13.065, -22.535, -14.264, -9.162, -15.009, -21.832, -17.857]","[1, 1, 0, 1, 0, 1, 1, 1, 1, 1, 1, 1, 1, 0, 0, 1, 1, 1, 0, 1, 0, 1, 0, 1]","[0.0418, 0.0381, 0.0394, 0.0394, 0.0373, 0.0421, 0.0482, 0.0427, 0.0375, 0.0461, 0.0, 0.0248, 0.0473, 0.0292, 0.0401, 0.0345, 0.0297, 0.0335, 0.0441, 0.0342, 0.0426, 0.045, 0.0408, 0.0298]","[0.903, 0.266, 0.901, 0.448, 0.649, 0.0169, 0.479, 0.436, 0.812, 0.692, 0.441, 0.000528, 0.00152, 5.58e-05, 0.846, 0.448, 0.44, 0.366, 0.912, 0.95, 1.72e-05, 0.93, 0.759, 0.694]","[0.969, 0.122, 0.909, 0.548, 0.938, 0.984, 0.855, 0.719, 0.638, 0.889, 0.76, 0.774, 0.751, 0.927, 0.814, 0.886, 0.904, 0.801, 0.752, 0.653, 0.878, 0.915, 0.914, 0.748]","[0.126, 0.341, 0.22, 0.11, 0.117, 0.0713, 0.0943, 0.127, 0.211, 0.125, 0.11, 0.219, 0.0853, 0.157, 0.103, 0.106, 0.115, 0.154, 0.116, 0.127, 0.36, 0.103, 0.104, 0.304]","[0.0375, 0.0645, 0.0261, 0.0803, 0.0331, 0.093, 0.0344, 0.0532, 0.166, 0.0365, 0.0, 0.0466, 0.106, 0.261, 0.0384, 0.0392, 0.375, 0.056, 0.0738, 0.044, 0.0529, 0.0292, 0.0355, 0.0761]","[74.53, 102.042, 105.99, 104.015, 96.016, 66.85, 89.989, 100.006, 113.165, 79.783, 0.0, 98.023, 120.035, 90.013, 124.173, 131.913, 160.016, 88.076, 79.25, 107.993, 101.998, 88.519, 74.296, 113.192]","['2nyv3x8gaHrVCO2lY7N0d7', '6X8SkAJoJykm2gpMlBoJT4', '1vphI7rzZqdZn88Y7zEDTa', '0QPfKEKsIgtKSfuDVkaDHi', '7DbX2Toszaq6rQcEQ14NzL', '4l7UhA23tsTUGt6yleQMmd', '3wbrh5S7ufUxNW3ZXAUA4k', '6zUkSMPpvrMdfShIT9bZze', '1JK1JR68J4CfouPnCtsTNB', '10Hs48Pjj9yDGCX4nrmA82', '00RGE6HIkDpHRuOe7euRFt', '2dvAXiSithfdh2ZSnuDq3z', '1VdJCLxcz0n7JYfmlOZGzg', '0vmOjWuywORUOmtH7zqkTh', '30IWbRmDhSMv7AKtsaCza2', '5fb9TZeDNu7VvFVLuEHOT1', '0fLaqB7szaemRuEaObhIYj', '1GkmYWBQty0KIGIpSUcKDm', '7ALbJK9eM6GVYsfYBR5we9', '5mh5ihBVfp0LuBZxPUjDlP', '33tPQKFvgYsjTTBlvTUvze', '2DVrcijQoJFGwW7yXdmp9Y', '4Dluf2HCFM7jnkfOhAAPNN', '0Z9tg5CfbvYbOa32YM0h55']","[148013, 96747, 95227, 157707, 122987, 93227, 137640, 205480, 162480, 251093, 101680, 156480, 104120, 82613, 162120, 134053, 251440, 279320, 120493, 202147, 197827, 262293, 189840, 173893]","[3, 4, 4, 4, 4, 5, 4, 4, 4, 5, 0, 4, 4, 4, 3, 4, 4, 4, 5, 4, 4, 3, 3, 4]",TRON: Legacy (Original Soundtrack),TRON: Legacy (Original Soundtrack)
5,"[0.104, 0.548, 0.543, 0.577, 0.384, 0.334, 0.498, 0.543, 0.571, 0.0963, 0.185, 0.354, 0.54, 0.28, 0.179, 0.438, 0.543, 0.353, 0.107, 0.45, 0.43, 0.0787]","[0.0818, 0.496, 0.775, 0.539, 0.0475, 0.423, 0.641, 0.509, 0.449, 0.12, 0.0362, 0.449, 0.635, 0.651, 0.167, 0.191, 0.48, 0.511, 0.13, 0.278, 0.829, 0.11]","[1, 1, 0, 1, 5, 1, 9, 1, 0, 1, 9, 9, 1, 11, 1, 2, 2, 10, 8, 1, 1, 5]","[-14.773, -13.466, -17.616, -14.684, -23.951, -13.562, -14.679, -14.745, -16.077, -19.769, -27.285, -11.353, -10.071, -10.124, -23.408, -14.827, -14.551, -13.065, -22.59, -14.318, -9.142, -15.199]","[1, 1, 0, 1, 0, 1, 1, 0, 1, 0, 0, 1, 1, 0, 1, 1, 1, 1, 0, 1, 0, 1]","[0.0483, 0.0355, 0.052, 0.0404, 0.0372, 0.0348, 0.0448, 0.0418, 0.0382, 0.05, 0.0373, 0.03, 0.0519, 0.0302, 0.0394, 0.0373, 0.0304, 0.0341, 0.0492, 0.034, 0.043, 0.0491]","[0.873, 0.302, 0.901, 0.481, 0.677, 0.0173, 0.495, 0.451, 0.818, 0.707, 0.499, 0.000513, 0.00166, 3.7e-05, 0.852, 0.584, 0.433, 0.343, 0.917, 0.95, 1.62e-05, 0.935]","[0.976, 0.135, 0.902, 0.575, 0.924, 0.994, 0.847, 0.734, 0.688, 0.91, 0.74, 0.778, 0.788, 0.932, 0.748, 0.864, 0.886, 0.746, 0.722, 0.646, 0.879, 0.865]","[0.132, 0.321, 0.258, 0.108, 0.115, 0.0732, 0.0999, 0.112, 0.281, 0.129, 0.11, 0.344, 0.209, 0.203, 0.106, 0.121, 0.117, 0.228, 0.115, 0.185, 0.358, 0.0985]","[0.0378, 0.0973, 0.0222, 0.0578, 0.033, 0.0859, 0.0372, 0.0694, 0.172, 0.0366, 0.0335, 0.0397, 0.126, 0.206, 0.0399, 0.0398, 0.35, 0.0499, 0.0385, 0.0421, 0.0406, 0.0282]","[72.639, 102.062, 106.018, 103.993, 95.997, 100.058, 90.017, 99.974, 113.165, 88.728, 75.131, 195.983, 119.995, 179.972, 124.266, 66.006, 159.969, 86.249, 78.249, 108.004, 101.974, 173.343]","['3vYg8WcDdRyiHfOpfjqlTa', '4Bvxi5oUS3M4DezTfsd5pp', '1xPec5BN0Zxv77zrWKq43S', '0sl4vCvb4kyAnTDGqN94pb', '4AH5yql7KezJBvVBdW90Dc', '2aUDpZRSit5Zg2R6L5r6dW', '2xP7MLAMo06fuhne2M8pXA', '08DBDmvEgY2ZTVMVH2A8lt', '1YCO0AUl7FJyY0UsDIWUVo', '0ghtKRiQjRVAwK0syn43HA', '6d0B924xI8hHs3Xk7enRjj', '72MoCPAnz0UljAVmwHHw3Y', '5X4ojuZG2mZ68EcLyBQ1D3', '4XReCJmkuaKe5uuUhkjI7Q', '0Jc2SfIHv63JNsUZpunh54', '1H36BBwHZuAWszr2EET29m', '6sa8y1XKi2ljJd0z6sUEz3', '0GmOKTeqDD8OJdl15LBpyD', '5XxnQCH09YiaPPdUGS8xNC', '2OQS6fFDpJzpDVC6gNzoj5', '0mHayzmzEB485RkUCETcCL', '63Ul5qgAxlXbtj97gKaAfn']","[148013, 96747, 95227, 157707, 122987, 93227, 137640, 205480, 162480, 251093, 101680, 156480, 104120, 82613, 162120, 134053, 251440, 279320, 120493, 202147, 197827, 262787]","[3, 5, 4, 4, 4, 4, 4, 4, 4, 3, 3, 4, 4, 4, 3, 4, 4, 4, 5, 4, 4, 1]",TRON: Legacy,TRON: Legacy
6,"[0.168, 0.557, 0.542, 0.578, 0.383, 0.31, 0.498, 0.543, 0.574, 0.0631, 0.169, 0.37, 0.536, 0.276, 0.176, 0.448, 0.552, 0.341, 0.0592, 0.442, 0.423, 0.0757]","[0.0674, 0.504, 0.776, 0.535, 0.0546, 0.412, 0.65, 0.502, 0.444, 0.115, 0.0501, 0.447, 0.616, 0.634, 0.169, 0.193, 0.479, 0.509, 0.131, 0.271, 0.823, 0.103]","[1, 1, 0, 1, 5, 8, 9, 9, 0, 1, 9, 2, 1, 11, 10, 2, 2, 7, 8, 1, 1, 5]","[-14.688, -13.53, -17.679, -14.616, -23.993, -13.547, -14.715, -14.793, -16.001, -19.971, -27.297, -11.355, -10.019, -10.119, -23.316, -14.898, -14.566, -13.112, -22.586, -14.377, -9.145, -15.183]","[1, 1, 0, 1, 0, 1, 1, 1, 1, 0, 0, 1, 1, 0, 0, 1, 1, 1, 0, 1, 0, 1]","[0.0459, 0.0369, 0.0463, 0.0389, 0.0371, 0.0361, 0.0451, 0.0413, 0.0378, 0.0528, 0.0386, 0.0278, 0.0488, 0.0302, 0.0402, 0.0347, 0.0306, 0.0339, 0.0487, 0.0353, 0.0414, 0.0488]","[0.878, 0.264, 0.914, 0.463, 0.661, 0.0138, 0.48, 0.431, 0.791, 0.725, 0.404, 0.000466, 0.00159, 4.71e-05, 0.857, 0.58, 0.433, 0.343, 0.91, 0.951, 1.54e-05, 0.931]","[0.96, 0.184, 0.884, 0.583, 0.946, 0.99, 0.815, 0.73, 0.644, 0.888, 0.651, 0.753, 0.773, 0.966, 0.812, 0.915, 0.899, 0.788, 0.747, 0.633, 0.836, 0.889]","[0.13, 0.3, 0.262, 0.108, 0.115, 0.0734, 0.0995, 0.102, 0.278, 0.127, 0.11, 0.304, 0.195, 0.164, 0.108, 0.123, 0.117, 0.228, 0.11, 0.197, 0.361, 0.0974]","[0.0361, 0.0652, 0.0229, 0.0826, 0.033, 0.0824, 0.0359, 0.0566, 0.165, 0.0369, 0.0354, 0.0389, 0.101, 0.237, 0.0382, 0.0395, 0.352, 0.0615, 0.0386, 0.0441, 0.0455, 0.0289]","[115.697, 102.019, 106.005, 104.003, 96.018, 66.637, 90.021, 99.989, 113.175, 59.122, 87.519, 195.948, 119.988, 179.975, 124.278, 65.963, 159.978, 87.498, 62.97, 108.007, 101.988, 62.105]","['1wlLWCKOYy3o2GlVR1szY2', '5z9v299A7qXXSk2VY0sUu0', '5JSkyPoYHVT85NSd60PVEz', '4rFzvCOKRgYftDUT3huz3B', '4YqGC8ipqztRCy5mNZtjla', '4Zv7ylukNTHhaev69SfrXb', '69Ars6Qne4yAQjhuZef7Hp', '44OU8uZ2h9xVcJgKPJKU77', '0KE5Uw9yO4ROgON70Gnihb', '6pt4V8ttgLOm1Z1W4tsiTY', '3TsNCTLRDiUxYflxu4BJYu', '10Qq6hFWwd5V8Aez8GNLh3', '5aZCwTIsfqv22p5bewcrgf', '0cM9xIaDQ4DBhH7wMfwqQV', '2pnJ87yTVpkgtZh6Tq4vKh', '3SyKgztarlfkJZDeovcHJl', '4GspJiSjfLnpAqd8pMK32l', '3woftPuFttI6yDyzvfgSQI', '4DoZWTMW5kd9E366wvDY72', '1rbJA2CB4x69TQBtWkq4n4', '0pVib2tLYRTMY91aXWtulu', '3IC3f2c4P7mod0wCgpDzzb']","[148013, 96747, 95227, 157707, 122987, 93227, 137640, 205450, 162447, 251093, 101680, 156480, 104120, 82613, 162075, 134053, 251440, 279320, 120493, 202147, 197827, 262787]","[4, 4, 4, 4, 4, 5, 4, 4, 4, 4, 1, 4, 4, 4, 3, 4, 4, 4, 4, 4, 4, 4]",TRON: Legacy,TRON: Legacy
7,"[0.104, 0.548, 0.543, 0.577, 0.384, 0.0637, 0.498, 0.543, 0.571, 0.0963, 0.185, 0.354, 0.54, 0.28, 0.179, 0.438, 0.543, 0.353, 0.107, 0.45, 0.43, 0.0787]","[0.0818, 0.496, 0.775, 0.539, 0.0475, 0.423, 0.641, 0.509, 0.449, 0.12, 0.0362, 0.449, 0.635, 0.651, 0.167, 0.191, 0.48, 0.511, 0.13, 0.278, 0.829, 0.11]","[1, 1, 0, 1, 5, 10, 9, 1, 0, 1, 9, 9, 1, 11, 1, 2, 2, 10, 8, 1, 1, 5]","[-14.773, -13.466, -17.616, -14.684, -23.951, -13.577, -14.679, -14.745, -16.077, -19.769, -27.285, -11.353, -10.071, -10.124, -23.408, -14.827, -14.551, -13.065, -22.59, -14.318, -9.142, -15.199]","[1, 1, 0, 1, 0, 0, 1, 0, 1, 0, 0, 1, 1, 0, 1, 1, 1, 1, 0, 1, 0, 1]","[0.0483, 0.0355, 0.052, 0.0404, 0.0372, 0.0446, 0.0448, 0.0418, 0.0382, 0.05, 0.0373, 0.03, 0.0519, 0.0302, 0.0394, 0.0373, 0.0304, 0.0341, 0.0492, 0.034, 0.043, 0.0491]","[0.873, 0.302, 0.901, 0.481, 0.677, 0.0135, 0.495, 0.451, 0.818, 0.707, 0.499, 0.000513, 0.00166, 3.7e-05, 0.852, 0.584, 0.433, 0.343, 0.917, 0.95, 1.62e-05, 0.935]","[0.976, 0.135, 0.902, 0.575, 0.924, 0.991, 0.847, 0.734, 0.688, 0.91, 0.74, 0.778, 0.788, 0.932, 0.748, 0.864, 0.886, 0.746, 0.722, 0.646, 0.879, 0.865]","[0.132, 0.321, 0.258, 0.108, 0.115, 0.0716, 0.0999, 0.112, 0.281, 0.129, 0.11, 0.344, 0.209, 0.203, 0.106, 0.121, 0.117, 0.228, 0.115, 0.185, 0.358, 0.0985]","[0.0378, 0.0973, 0.0222, 0.0578, 0.033, 0.0743, 0.0372, 0.0694, 0.172, 0.0366, 0.0335, 0.0397, 0.126, 0.206, 0.0399, 0.0398, 0.35, 0.0499, 0.0385, 0.0421, 0.0406, 0.0282]","[72.639, 102.062, 106.018, 103.993, 95.997, 72.689, 90.017, 99.974, 113.165, 88.728, 75.131, 195.983, 119.995, 179.972, 124.266, 66.006, 159.969, 86.249, 78.249, 108.004, 101.974, 173.343]","['6CYClOUrNxN2uFtzbZRGTi', '5aBW4kL15c2z7kjZ53mBrx', '6qf5CSGD5foJ8FblQ0Jsun', '4BZbAeJDgzebHhiZ5awmeA', '2Qi948wMdkdQMrFffqVdAZ', '2UG3VxJul4OptOz6npwnD5', '4FGmxRKPmaSbjojdl9wqXv', '2Snw5d2TWnO0Qe2q9IBNG0', '6LsHE7IWqMaMilggyKOfbv', '61rBU0awYLiEb83VMHnB1r', '1FsSpfzkL8p7hHNe8JkUKB', '5CsbGq9ik3TfmiMVT7mduj', '2OggNDTnqYJaMJHazLDJmj', '1VHMrKzbQe7XJqNRci5JjL', '0bVjHGzj8CSNZWSJ1v26tt', '5buUWG9HSSuKBccwVBbqoj', '3yjwpquxwiaSTVcA8YbSyt', '3uVwqw6PwqPuKQqmAoxkd4', '2TfAPFJHGuXvxqSOkIHooS', '21YRnaCGuagTXGRJBXY0I2', '7vxr7mmgI9JHi6rTJhn9DQ', '54BeV1BkU4xjr7CW4Ving2']","[148013, 96747, 95227, 157707, 122973, 93240, 137640, 205480, 162480, 251093, 101680, 156480, 104120, 82613, 162120, 134053, 251440, 279320, 120493, 202147, 197827, 262787]","[3, 5, 4, 4, 4, 5, 4, 4, 4, 3, 3, 4, 4, 4, 3, 4, 4, 4, 5, 4, 4, 1]",TRON: Legacy (Original Motion Picture Soundtrack/Japan Release Version),TRON: Legacy (Original Motion Picture Soundtrack/Japan Release Version)
8,"[0.163, 0.556, 0.539, 0.579, 0.393, 0.168, 0.498, 0.542, 0.573, 0.111, 0.182, 0.182, 0.539, 0.361, 0.177, 0.449, 0.544, 0.337, 0.0849, 0.448, 0.419, 0.0782, 0.511, 0.431, 0.394, 0.377, 0.451, 0.392, 0.299, 0.154, 0.436]","[0.055, 0.53, 0.777, 0.534, 0.0554, 0.411, 0.62, 0.504, 0.455, 0.114, 0.033, 0.449, 0.617, 0.588, 0.172, 0.198, 0.489, 0.517, 0.104, 0.271, 0.815, 0.11, 0.65, 0.455, 0.174, 0.409, 0.823, 0.192, 0.149, 0.035, 0.308]","[1, 1, 0, 1, 5, 3, 9, 2, 0, 1, 9, 2, 1, 11, 10, 2, 2, 7, 8, 1, 1, 5, 0, 7, 7, 8, 2, 7, 0, 8, 0]","[-14.79, -13.527, -17.645, -14.585, -23.97, -13.573, -14.651, -14.779, -16.105, -19.883, -27.558, -11.344, -10.057, -10.154, -23.405, -14.778, -14.516, -13.119, -22.836, -14.263, -9.162, -15.15, -11.899, -14.287, -28.356, -20.093, -10.739, -19.268, -18.969, -22.888, -17.853]","[1, 1, 0, 1, 0, 1, 1, 1, 1, 0, 0, 1, 1, 0, 0, 1, 1, 1, 0, 1, 0, 1, 1, 0, 1, 1, 1, 1, 0, 0, 1]","[0.04, 0.0387, 0.0535, 0.0391, 0.038, 0.037, 0.0477, 0.0416, 0.0367, 0.0456, 0.0369, 0.0305, 0.046, 0.0284, 0.0382, 0.0343, 0.0305, 0.0344, 0.0441, 0.0335, 0.0413, 0.0466, 0.034, 0.0362, 0.0423, 0.0371, 0.0399, 0.0432, 0.0368, 0.0423, 0.0299]","[0.856, 0.307, 0.896, 0.484, 0.677, 0.0181, 0.483, 0.442, 0.786, 0.715, 0.391, 0.000594, 0.00109, 4.61e-05, 0.867, 0.49, 0.408, 0.345, 0.907, 0.95, 1.31e-05, 0.931, 0.0535, 0.443, 0.762, 0.286, 0.0592, 0.778, 0.899, 0.73, 0.703]","[0.954, 0.22, 0.912, 0.547, 0.927, 0.972, 0.813, 0.733, 0.626, 0.88, 0.706, 0.738, 0.762, 0.967, 0.815, 0.917, 0.892, 0.768, 0.721, 0.667, 0.854, 0.919, 0.764, 0.684, 0.87, 0.607, 0.89, 0.782, 0.964, 0.951, 0.745]","[0.128, 0.333, 0.222, 0.108, 0.116, 0.0702, 0.0947, 0.0826, 0.193, 0.128, 0.11, 0.283, 0.18, 0.153, 0.103, 0.106, 0.114, 0.222, 0.116, 0.13, 0.357, 0.103, 0.277, 0.124, 0.0964, 0.101, 0.202, 0.112, 0.198, 0.108, 0.298]","[0.0364, 0.0645, 0.022, 0.0768, 0.0327, 0.101, 0.0348, 0.0625, 0.151, 0.0371, 0.0348, 0.0396, 0.0772, 0.274, 0.0385, 0.0399, 0.352, 0.0398, 0.0658, 0.0527, 0.0397, 0.0295, 0.0878, 0.446, 0.0566, 0.0213, 0.325, 0.0389, 0.0394, 0.0353, 0.0656]","[71.682, 102.018, 105.989, 104.011, 96.013, 99.991, 90.046, 99.956, 113.185, 92.764, 68.469, 195.86, 119.993, 89.99, 124.141, 131.866, 160.013, 86.024, 84.002, 107.988, 101.97, 71.202, 113.711, 160.558, 79.321, 108.033, 116.986, 159.663, 115.768, 134.547, 113.226]","['4uXQXq2AH6mAB8gvTzNUab', '2tRWMCijEFsGPDxBgHxHre', '3zL0LAsSh3dTO73dSOKWkr', '6dooKqgWKBVwQLLarxJPDM', '6NbukMzsdx888nymIiWKlV', '4csD9dmdLHnarNyu1wG8Iv', '70RkgofUfQHLl2FT2Mx5zq', '1LaCW0R8Q7oIY3tKtDgZOw', '1lQZ7fJRndezv3hnEtadcI', '6c9LokX8oCb3c3VT0Ok0ep', '7toH0mW6Noyt5B0nczGqj5', '09TlxralXOGX35LUutvw7I', '7hqlHZIXhwAzpWQxm9KzBd', '5pPKx6IhpBIqdMGAC0RYn9', '770xg19bhZii0ARFBn1qR5', '6lEEO57pUsxL33F3tSNWV3', '1OAEosQeqo1Q2RKkipkkiP', '5yq0Wr88ARxysyYEEfVY2E', '4Fm7MMYiSRriB4eTvulVKQ', '3szggCvjcOLWroR6DM9cJn', '69T9xcz6U8GFYmdPLkYn4J', '2URbRukS6KLiQOGAhGP40J', '1dsetWQ7Jx0uygKHPH0GBk', '37OFlKZy7bJeF6vzFmekfK', '0wuXtDn3vPxvG6szydUznc', '0wF6Fj7kEhrfVWC3AgCRBx', '6w5ZzNX84SzG5ob8tm4Ozq', '2Aq8H7LO9IujF4uFUaCpfj', '5EkLu4IaWJuFfDlPdCtjQX', '5OO1MmnLVRPYjDGbDC9c5s', '0KCzXogxEjPDOYrwvC7Dkg']","[148006, 96740, 95226, 157719, 122975, 93236, 137636, 205475, 162502, 251071, 101689, 156486, 104113, 82605, 162126, 134047, 251454, 279313, 120490, 202151, 197825, 262780, 160660, 136760, 231680, 100027, 138507, 161301, 171267, 189947, 174200]","[3, 4, 4, 4, 4, 4, 4, 4, 4, 3, 5, 4, 4, 4, 3, 4, 4, 4, 5, 4, 4, 3, 4, 4, 4, 4, 4, 3, 4, 3, 4]",TRON: Legacy - The Complete Edition (Original Motion Picture Soundtrack),TRON: Legacy - The Complete Edition (Original Motion Picture Soundtrack)
9,"[0.479, 0.52, 0.58, 0.381, 0.629, 0.602, 0.525, 0.45, 0.591, 0.531, 0.676, 0.487, 0.471]","[0.678, 0.545, 0.786, 0.721, 0.787, 0.793, 0.599, 0.846, 0.789, 0.846, 0.859, 0.723, 0.848]","[2, 11, 6, 5, 5, 10, 6, 11, 6, 11, 5, 7, 11]","[-12.17, -12.67, -9.979, -9.967, -8.399, -10.462, -12.666, -9.996, -12.041, -9.652, -9.602, -11.148, -11.331]","[1, 0, 1, 0, 0, 0, 1, 0, 0, 0, 0, 1, 0]","[0.0758, 0.158, 0.0675, 0.0464, 0.0646, 0.0946, 0.0581, 0.102, 0.0707, 0.052, 0.0412, 0.143, 0.0595]","[0.00018, 0.00494, 6.53e-05, 0.000605, 0.00152, 0.000207, 0.261, 0.038, 0.0123, 5.55e-05, 0.00994, 4.48e-05, 8.19e-05]","[0.661, 0.285, 0.207, 0.776, 0.359, 0.0476, 0.021, 0.266, 0.826, 0.816, 0.754, 0.383, 0.284]","[0.421, 0.464, 0.461, 0.112, 0.209, 0.686, 0.717, 0.222, 0.403, 0.881, 0.98, 0.819, 0.952]","[0.227, 0.233, 0.558, 0.225, 0.581, 0.35, 0.188, 0.414, 0.396, 0.055, 0.546, 0.391, 0.117]","[116.033, 121.78, 126.004, 125.603, 125.998, 127.016, 125.976, 124.239, 127.028, 130.032, 111.991, 138.007, 131.045]","['5eS6pTvDNOvh2kyxeZtK3r', '4IdiGMOzEYXOh2897XOV8i', '1E8S3CSv20KrKT0C1yAjkO', '3n4ow4XGzwSIPxA3JHLF9p', '5RByQFt9Mlo8hDYJ921tCv', '3Ons6C3wXBMi8nYpLBMlVe', '5XzGyYZemDuCG3OdbhVFvh', '1H1d4dr7Hk5Rrd8Tb5y5yr', '0rFTPTXuVFIOYGnqXbWm3X', '3qVD67mL0JxgU0VQVKR52G', '5OWhFeNXZ2RGbsGpl3rIc3', '029O4HWI1pVXLfFdfQd1Jb', '5q2KGgJV5l4MAnnGIrvKSK']","[387507, 329653, 290840, 421600, 342627, 431507, 295227, 370533, 211760, 622480, 396973, 341107, 598667]","[4, 4, 4, 4, 4, 4, 4, 4, 4, 4, 4, 4, 4]",Alive 2007,Alive 2007
10,"[0.479, 0.52, 0.58, 0.381, 0.629, 0.602, 0.525, 0.45, 0.591, 0.531, 0.676, 0.487, 0.471]","[0.678, 0.545, 0.786, 0.721, 0.787, 0.793, 0.599, 0.846, 0.789, 0.846, 0.859, 0.723, 0.848]","[2, 11, 6, 5, 5, 10, 6, 11, 6, 11, 5, 7, 11]","[-12.17, -12.67, -9.979, -9.967, -8.399, -10.462, -12.666, -9.996, -12.041, -9.652, -9.602, -11.148, -11.331]","[1, 0, 1, 0, 0, 0, 1, 0, 0, 0, 0, 1, 0]","[0.0758, 0.158, 0.0675, 0.0464, 0.0646, 0.0946, 0.0581, 0.102, 0.0707, 0.052, 0.0412, 0.143, 0.0595]","[0.00018, 0.00494, 6.53e-05, 0.000605, 0.00152, 0.000207, 0.261, 0.038, 0.0123, 5.55e-05, 0.00994, 4.48e-05, 8.19e-05]","[0.661, 0.285, 0.207, 0.776, 0.359, 0.0476, 0.021, 0.266, 0.826, 0.816, 0.754, 0.383, 0.284]","[0.421, 0.464, 0.461, 0.112, 0.209, 0.686, 0.717, 0.222, 0.403, 0.881, 0.98, 0.819, 0.952]","[0.227, 0.233, 0.558, 0.225, 0.581, 0.35, 0.188, 0.414, 0.396, 0.055, 0.546, 0.391, 0.117]","[116.033, 121.78, 126.004, 125.603, 125.998, 127.016, 125.976, 124.239, 127.028, 130.032, 111.991, 138.007, 131.045]","['0q9zz6nP5izcUnfYndfVX6', '0yf4PlZ8rG3MrnqsmTzvMp', '5pid7wpFMJvXvlYETOIUzo', '1DtOKrgREeQ9va6f3FAfXf', '0iYGI01MEFu9ohSNuMVpwL', '5CYM628A5vNaPlx2hy6Drs', '61icxIMTCprewcglHkOhPZ', '18xicbHkVJEhZNmgt2P8fw', '1VPfowT2FCQ9fdaIXbW9AH', '3fxpbEDxJLvhzuBL3slFvb', '0io8OKkhfd2iBjU5gOGPSC', '2wm5wVY6TpTcAGzFLZU32Y', '2T5xz7pcUpkLSgphFnqWY6']","[387507, 329653, 290840, 421600, 342627, 431507, 295227, 370533, 211760, 622480, 396973, 341107, 598667]","[4, 4, 4, 4, 4, 4, 4, 4, 4, 4, 4, 4, 4]",Alive 2007,Alive 2007
11,"[0.479, 0.52, 0.58, 0.381, 0.629, 0.602, 0.525, 0.45, 0.591, 0.531, 0.676, 0.487]","[0.678, 0.545, 0.786, 0.721, 0.787, 0.793, 0.599, 0.846, 0.789, 0.846, 0.859, 0.723]","[2, 11, 6, 5, 5, 10, 6, 11, 6, 11, 5, 7]","[-12.17, -12.67, -9.979, -9.967, -8.399, -10.462, -12.666, -9.996, -12.041, -9.652, -9.602, -11.148]","[1, 0, 1, 0, 0, 0, 1, 0, 0, 0, 0, 1]","[0.0758, 0.158, 0.0675, 0.0464, 0.0646, 0.0946, 0.0581, 0.102, 0.0707, 0.052, 0.0412, 0.143]","[0.00018, 0.00494, 6.53e-05, 0.000605, 0.00152, 0.000207, 0.261, 0.038, 0.0123, 5.55e-05, 0.00994, 4.48e-05]","[0.661, 0.285, 0.207, 0.776, 0.359, 0.0476, 0.021, 0.266, 0.826, 0.816, 0.754, 0.383]","[0.421, 0.464, 0.461, 0.112, 0.209, 0.686, 0.717, 0.222, 0.403, 0.881, 0.98, 0.819]","[0.227, 0.233, 0.558, 0.225, 0.581, 0.35, 0.188, 0.414, 0.396, 0.055, 0.546, 0.391]","[116.033, 121.78, 126.004, 125.603, 125.998, 127.016, 125.976, 124.239, 127.028, 130.032, 111.991, 138.007]","['3mgX8Uu27gVerBEeJzYZYp', '2yJVGtsARAfOVDyN70xhao', '0RtRCfHJyla76UTvy9d2UE', '2dYkWJ3bOwC86JTqpE3LNI', '4cgeyQkAr9wxaNdJuAJ0xk', '4hpSSoNb4WGHM52E4gzYk7', '0wRZydGL3HzMNvP4mUUrnz', '3BLrp8trcMjdLlzR23gUw4', '3Rsi54rNfo9Mz8yUdQUXnz', '7g1skBhgmUMr7O6wBp2ZsI', '1xX6tDbAcFUeCtDdfcdSZG', '6pzsMZB8lkwGSreShiWrnr']","[387507, 329653, 290840, 421600, 342627, 431507, 295227, 370533, 211760, 622480, 396973, 341107]","[4, 4, 4, 4, 4, 4, 4, 4, 4, 4, 4, 4]",Alive 2007,Alive 2007
12,"[0.479, 0.52, 0.58, 0.381, 0.629, 0.602, 0.525, 0.45, 0.591, 0.531, 0.676, 0.487, 0.471]","[0.678, 0.545, 0.786, 0.721, 0.787, 0.793, 0.599, 0.846, 0.789, 0.846, 0.859, 0.723, 0.848]","[2, 11, 6, 5, 5, 10, 6, 11, 6, 11, 5, 7, 11]","[-12.17, -12.67, -9.979, -9.967, -8.399, -10.462, -12.666, -9.996, -12.041, -9.652, -9.602, -11.147, -11.331]","[1, 0, 1, 0, 0, 0, 1, 0, 0, 0, 0, 1, 0]","[0.0758, 0.158, 0.0675, 0.0464, 0.0646, 0.0946, 0.0581, 0.102, 0.0707, 0.052, 0.0412, 0.143, 0.0595]","[0.00018, 0.00494, 6.53e-05, 0.000605, 0.00152, 0.000207, 0.261, 0.038, 0.0123, 5.55e-05, 0.00994, 4.48e-05, 8.19e-05]","[0.661, 0.285, 0.207, 0.776, 0.359, 0.0476, 0.021, 0.266, 0.826, 0.816, 0.754, 0.383, 0.284]","[0.421, 0.464, 0.461, 0.112, 0.209, 0.686, 0.717, 0.221, 0.403, 0.881, 0.979, 0.818, 0.952]","[0.227, 0.233, 0.558, 0.225, 0.581, 0.35, 0.188, 0.414, 0.396, 0.055, 0.546, 0.391, 0.117]","[116.033, 121.79, 126.003, 125.603, 125.998, 127.016, 125.976, 124.24, 127.028, 130.032, 111.991, 138.007, 131.045]","['5EaZLVO6pSEWIyUDsHWiSU', '1zRgXPNlMffbkkim2z4S35', '2DBygeMa3aaMYQc4gCRPBw', '4JsRNfw1B8YV1b6c1tGbZx', '4HXLNFrhPgsgz3dZSE103c', '6wOcExYyn5H7iEnUnWOZe8', '0FDKGES46XKzNum5yc9omE', '7er2aKrNym1X5mEwfQfASM', '7yLZuVXPe8xiGQptg7JsXj', '68N4uowHLvyiIUFABm0cJ8', '5WgTTGls5whgruPTIbJYYx', '78EohHnv1j6hqZmIkybmWp', '3gRb1XrYLiNUBbp5kYiIGL']","[387507, 329653, 290840, 421600, 342627, 431507, 295227, 370533, 211760, 622480, 396973, 341107, 598667]","[4, 4, 4, 4, 4, 4, 4, 4, 4, 4, 4, 4, 4]",Alive 2007,Alive 2007
13,"[0.851, 0.593, 0.897, 0.696, 0.44, 0.698, 0.539, 0.786, 0.674, 0.293, 0.67, 0.563, 0.826, 0.86, 0.581]","[0.569, 0.926, 0.684, 0.972, 0.74, 0.9, 0.524, 0.458, 0.839, 0.648, 0.72, 0.912, 0.833, 0.715, 0.9]","[7, 4, 1, 8, 7, 1, 9, 4, 7, 2, 7, 7, 9, 4, 4]","[-3.453, -3.813, -7.828, -5.051, -4.836, -5.312, -5.681, -5.221, -9.859, -6.755, -5.507, -8.514, -5.762, -4.891, -3.353]","[1, 0, 1, 1, 1, 1, 0, 1, 1, 1, 1, 1, 1, 0, 0]","[0.0375, 0.209, 0.0801, 0.0831, 0.155, 0.0475, 0.0787, 0.109, 0.165, 0.179, 0.183, 0.0881, 0.0715, 0.0634, 0.123]","[0.000988, 0.00038, 0.000682, 0.000466, 0.000104, 0.000265, 0.00158, 9.39e-06, 0.00177, 2.57e-06, 0.000568, 0.000388, 0.0132, 0.00222, 0.0011]","[0.664, 0.83, 0.015, 0.9, 0.856, 0.762, 0.301, 8.68e-05, 0.749, 0.687, 0.616, 0.79, 0.559, 0.826, 0.378]","[0.154, 0.628, 0.302, 0.298, 0.061, 0.0826, 0.0379, 0.0969, 0.167, 0.103, 0.0559, 0.459, 0.284, 0.493, 0.137]","[0.516, 0.516, 0.762, 0.386, 0.795, 0.13, 0.504, 0.537, 0.728, 0.161, 0.462, 0.49, 0.775, 0.438, 0.569]","[123.014, 122.863, 135.989, 120.016, 128.004, 121.978, 127.048, 128.979, 129.177, 139.19, 125.99, 127.999, 130.007, 136.495, 127.508]","['0RdfN9Ssctrl76nutcPJvB', '1SARf3ugbFU6edbFEmNcgN', '3jH34olaprQCCrt5v9djX5', '7HghpNwnQ1Z4hNUtRXaL42', '4ZRDkRos4cH23nJLmOMPp4', '0KqcEv0rejcQzwHHoI8B7D', '1uziw7aNOh0vFg1Fn6d21y', '0ByTE62nKurAw6J9QZhva0', '0QhpIRYUo2mMp78vMwo45R', '18bBq09yVIcQ9VQoWl8uwp', '6p08qYIcr9uVgyJ7BXGACM', '5hMmOpa8mmTA5794yDMJM6', '1hF70jb6YwHWYljY1boKH1', '2WzojPBarcGT8oGPjcHvw2', '3HIq3fSxRrkNu5vGw4tEQW']","[390507, 287640, 280413, 364040, 231560, 240373, 361213, 565827, 324840, 355960, 250573, 331693, 403027, 363947, 328093]","[4, 4, 4, 4, 4, 4, 4, 4, 4, 4, 4, 4, 4, 4, 4]",Human After All (Remixes),Human After All (Remixes)
14,"[0.851, 0.593, 0.897, 0.696, 0.44, 0.698, 0.539, 0.786, 0.674, 0.293, 0.67, 0.563, 0.826, 0.86, 0.581]","[0.569, 0.926, 0.684, 0.972, 0.74, 0.9, 0.524, 0.458, 0.839, 0.648, 0.72, 0.912, 0.833, 0.715, 0.9]","[7, 4, 1, 8, 7, 1, 9, 4, 7, 2, 7, 7, 9, 4, 4]","[-3.453, -3.813, -7.828, -5.051, -4.836, -5.312, -5.681, -5.221, -9.859, -6.755, -5.507, -8.514, -5.762, -4.891, -3.353]","[1, 0, 1, 1, 1, 1, 0, 1, 1, 1, 1, 1, 1, 0, 0]","[0.0375, 0.209, 0.0801, 0.0831, 0.155, 0.0475, 0.0787, 0.109, 0.165, 0.179, 0.183, 0.0881, 0.0715, 0.0634, 0.123]","[0.000988, 0.00038, 0.000682, 0.000466, 0.000104, 0.000265, 0.00158, 9.39e-06, 0.00177, 2.57e-06, 0.000568, 0.000388, 0.0132, 0.00222, 0.0011]","[0.664, 0.83, 0.015, 0.9, 0.856, 0.762, 0.301, 8.68e-05, 0.749, 0.687, 0.616, 0.79, 0.559, 0.826, 0.378]","[0.154, 0.628, 0.302, 0.298, 0.061, 0.0826, 0.0379, 0.0969, 0.167, 0.103, 0.0559, 0.459, 0.284, 0.493, 0.137]","[0.516, 0.516, 0.762, 0.386, 0.795, 0.13, 0.504, 0.537, 0.728, 0.161, 0.462, 0.49, 0.775, 0.438, 0.569]","[123.014, 122.863, 135.989, 120.016, 128.004, 121.978, 127.048, 128.979, 129.177, 139.19, 125.99, 127.999, 130.007, 136.495, 127.508]","['0BEDdX7TWPEt1gWnbVbHdN', '4TeYKbvzloWQ1eGG4JB4b6', '6Wn1bfoqAXHqzjoNSzpiKs', '14vpfA3QRbZQNEn7ojtL3Z', '7z04OESfPf9PiaJPX3h5hr', '2QkzakBouxPqiWI7ke3Tso', '01sOjRlYusOIfxC9qaSYqQ', '1wjNeiqNI6gXr8MJgnVIo2', '1QKWEOrj8Ee8PBu6mPVSw1', '6QqtrujZQLMtsHiyk9rKyA', '11L5sMCBeor1mFUW0cXrIR', '6RZRao7yG0G50VRvu3M4ct', '7v7NHYIzIs9anGBUFFMamf', '0frwUWLdF1PnPF4ysjlBA4', '5b3n32izrzbkTMC16FZ83r']","[390507, 287640, 280413, 364040, 231560, 240373, 361213, 565827, 324840, 355960, 250573, 331693, 403027, 363947, 328093]","[4, 4, 4, 4, 4, 4, 4, 4, 4, 4, 4, 4, 4, 4, 4]",Human After All (Remixes),Human After All (Remixes)
15,"[0.608, 0.503, 0.59, 0.518, 0.697, 0.531, 0.597, 0.702, 0.812, 0.344]","[0.725, 0.507, 0.787, 0.745, 0.548, 0.894, 0.54, 0.567, 0.516, 0.613]","[0, 9, 7, 11, 1, 6, 8, 7, 9, 7]","[-4.367, -7.243, -5.766, -6.787, -9.087, -5.435, -15.07, -5.468, -6.963, -6.881]","[1, 1, 1, 0, 1, 0, 1, 1, 1, 1]","[0.342, 0.181, 0.0512, 0.212, 0.0561, 0.0466, 0.425, 0.0897, 0.224, 0.0369]","[0.00139, 4.51e-05, 6.94e-06, 5.07e-05, 0.783, 1.36e-05, 0.974, 6.04e-06, 0.000369, 0.000555]","[0.0546, 0.514, 0.845, 0.802, 0.841, 0.837, 1.26e-05, 0.706, 1.09e-05, 0.232]","[0.0802, 0.288, 0.0293, 0.229, 0.132, 0.0742, 0.953, 0.1, 0.0991, 0.192]","[0.802, 0.0987, 0.598, 0.549, 0.977, 0.0382, 0.93, 0.705, 0.633, 0.053]","[136.251, 128.606, 111.926, 92.07, 133.005, 119.708, 67.443, 115.316, 127.498, 98.305]","['3aCKAkMx3yfaj3AO5Gz47e', '0UZRFYMoz9xmeE2AQUhTDl', '7LL40F6YdZgeiQ6en1c7Lk', '60HSQkYSlJVtdRdHgzRsXz', '4ABWPP59ItFKykdaDF09K5', '73MAeHX5sqLYfuYclsrvHc', '3dWxT7lAv6lmXEW2AEZyPQ', '37M8nuFfSrlKfTR0AAp7gK', '1iNeZGJsoC0D7ZyJTdIbDS', '0Dezmoeb373GNcYBjLVAMH']","[319880, 263240, 287720, 321187, 289680, 248400, 19200, 287840, 284280, 417320]","[4, 4, 4, 4, 4, 4, 1, 4, 4, 4]",Human After All,Human After All
16,"[0.608, 0.503, 0.59, 0.518, 0.697, 0.531, 0.597, 0.702, 0.812, 0.344]","[0.725, 0.507, 0.787, 0.745, 0.548, 0.894, 0.54, 0.567, 0.516, 0.613]","[0, 9, 7, 11, 1, 6, 8, 7, 9, 7]","[-4.367, -7.243, -5.766, -6.787, -9.087, -5.435, -15.07, -5.468, -6.963, -6.881]","[1, 1, 1, 0, 1, 0, 1, 1, 1, 1]","[0.342, 0.181, 0.0512, 0.212, 0.0561, 0.0466, 0.425, 0.0897, 0.224, 0.0369]","[0.00139, 4.51e-05, 6.94e-06, 5.07e-05, 0.783, 1.36e-05, 0.974, 6.04e-06, 0.000369, 0.000555]","[0.0546, 0.514, 0.845, 0.802, 0.841, 0.837, 1.26e-05, 0.706, 1.09e-05, 0.232]","[0.0802, 0.288, 0.0293, 0.229, 0.132, 0.0742, 0.953, 0.1, 0.0991, 0.192]","[0.802, 0.0987, 0.598, 0.549, 0.977, 0.0382, 0.93, 0.705, 0.633, 0.053]","[136.251, 128.606, 111.926, 92.07, 133.005, 119.708, 67.443, 115.316, 127.498, 98.305]","['3aByRUC2BVL6Fs1zI723sd', '2ABpuao3ZbTjP2cSiX9KZc', '4zu9wo2FXoBSsKjO6tRB3R', '07KtTNn0wZndtN5NOYdBWR', '1WnXCfO6oIxG0TbJj29MqR', '61qwHnU8dyMqPemGzopDcp', '0cV1dl2k19YoGbxTKDb0rH', '73mTIDCNKGfUF4MiFfR3b5', '0LSLM0zuWRkEYemF7JcfEE', '3PsJ6zisndTa3F9eOjBfCc']","[319880, 263240, 287720, 321187, 289680, 248400, 19200, 287840, 284280, 417320]","[4, 4, 4, 4, 4, 4, 1, 4, 4, 4]",Human After All,Human After All
17,"[0.592, 0.568, 0.85, 0.645, 0.718, 0.756, 0.851, 0.907, 0.634, 0.785, 0.398, 0.566, 0.602, 0.889]","[0.829, 0.928, 0.74, 0.833, 0.881, 0.387, 0.803, 0.479, 0.962, 0.569, 0.177, 0.978, 0.0967, 0.423]","[11, 11, 11, 8, 7, 9, 11, 9, 6, 6, 8, 9, 9, 9]","[-10.497, -6.071, -6.327, -6.102, -8.029, -8.15, -5.893, -8.268, -6.193, -6.198, -12.834, -8.274, -13.379, -9.759]","[1, 0, 0, 0, 1, 1, 0, 1, 1, 0, 1, 0, 1, 0]","[0.0415, 0.0733, 0.0552, 0.0359, 0.0763, 0.0588, 0.0632, 0.187, 0.056, 0.176, 0.029, 0.178, 0.0559, 0.0456]","[0.0274, 0.413, 0.608, 0.0296, 0.000288, 0.00366, 0.00036, 0.000146, 0.000205, 0.031, 0.721, 5.44e-05, 0.915, 0.295]","[0.885, 0.572, 0.000782, 0.0837, 0.842, 0.911, 0.00453, 0.838, 0.901, 0.178, 0.0, 0.958, 0.000775, 0.449]","[0.0817, 0.111, 0.302, 0.0513, 0.502, 0.0653, 0.101, 0.0443, 0.0679, 0.138, 0.117, 0.0297, 0.241, 0.084]","[0.0342, 0.181, 0.907, 0.853, 0.622, 0.398, 0.528, 0.47, 0.501, 0.768, 0.0686, 0.106, 0.257, 0.81]","[122.999, 122.892, 123.451, 134.985, 124.856, 124.674, 129.218, 130.855, 131.359, 94.801, 140.693, 121.989, 98.582, 99.935]","['1pyTJdbGVBVvKXC3MtemHA', '37YWwmlRl1GonSwjRuOiEq', '5a8PsqWOuGh7FR1tC6UKUs', '2obYlOGofygYwoQLjvQJz8', '5PolXgvfH1jVf2yo746ukl', '4VoPoqo6tnziRul41NKYVJ', '1tc1T1hH5HbRXx3aipDwRU', '1dyoTxPBYJOlhD0DRn29Ly', '1702kHIwlMLbTgnzPZbkno', '5rKOHcpjxzJUS3V36J8AxH', '3mEAtR6LFoCNsjg84gZF9L', '15WSNNQZRQDOrzuKYMyrDX', '6ju6DQ7uIuo74eh8iKUQu5', '3SfSYQLgcrGajPkU5EEr2E']","[160627, 370987, 312507, 294987, 473053, 450547, 361000, 419853, 325973, 217920, 193707, 468428, 220587, 134933]","[4, 4, 4, 4, 4, 4, 4, 4, 4, 4, 4, 4, 4, 4]",Daft Club,Daft Club
18,[0.612],[0.989],[11],[-4.285],[0],[0.367],[0.00689],[0.114],[0.201],[0.105],[135.796],['0Kbvz9ZjihrcE1Vd1dDCZh'],[2731067],[4],Alive 1997,Alive 1997
19,"[0.613, 0.624, 0.644, 0.817, 0.697, 0.491, 0.619, 0.653, 0.875, 0.669, 0.605, 0.535, 0.874, 0.692]","[0.697, 0.911, 0.664, 0.716, 0.75, 0.186, 0.74, 0.869, 0.475, 0.743, 0.687, 0.558, 0.437, 0.582]","[2, 7, 9, 6, 5, 0, 11, 8, 9, 7, 9, 6, 1, 5]","[-8.618, -7.482, -8.398, -8.898, -8.503, -29.512, -8.204, -9.393, -12.673, -11.488, -13.928, -10.756, -10.235, -10.164]","[1, 1, 1, 0, 0, 1, 0, 1, 0, 1, 0, 1, 0, 0]","[0.133, 0.0524, 0.0332, 0.144, 0.0721, 0.0321, 0.0789, 0.217, 0.0986, 0.0494, 0.045, 0.0741, 0.0708, 0.301]","[0.0194, 0.329, 0.048, 0.0427, 0.0035, 0.845, 0.00409, 0.00435, 0.44, 0.288, 0.479, 0.00461, 0.00134, 0.00211]","[0.0, 0.861, 0.867, 0.00263, 0.922, 0.916, 0.00356, 0.413, 0.72, 0.805, 0.949, 0.824, 0.0296, 0.0]","[0.332, 0.0727, 0.342, 0.358, 0.0889, 0.109, 0.102, 0.334, 0.046, 0.309, 0.104, 0.0821, 0.0293, 0.177]","[0.476, 0.135, 0.53, 0.692, 0.937, 0.457, 0.674, 0.515, 0.384, 0.28, 0.12, 0.215, 0.962, 0.513]","[122.746, 122.902, 124.726, 123.474, 124.048, 119.883, 140.874, 125.207, 99.958, 119.881, 106.896, 109.69, 117.791, 127.017]","['0DiWol3AO6WpXZgp0goxAV', '3H3cOQ6LBLSvmcaV7QkZEu', '2VEZx7NWsZ1D0eJ4uv5Fym', '5W3cjX2J3tjhG8zb6u0qHn', '6vuPZX9fWESg5js2JFTQRJ', '63JXZZRbmzooashakb0zbu', '186hvCTyrni4KT9nwIQ7zS', '098ttCNmncrO4YvqWUNMvn', '1NeLwFETswx8Fzxl2AFl91', '7cMFjxhbXBpOlais7KMF3j', '2LD2gT7gwAurzdQDQtILds', '4npMbTuxrUA3Wd7edACZ2L', '7v9Q0dAb9t7h8gJOkcJHay', '3zMvotMEQK3xvH01vA9wAP']","[320357, 212547, 301373, 224693, 211640, 104467, 237800, 201800, 232667, 227867, 345187, 206867, 240173, 600293]","[4, 4, 4, 4, 4, 4, 4, 4, 4, 4, 4, 4, 4, 4]",Discovery,Discovery
20,"[0.883, 0.856, 0.745, 0.806, 0.804, 0.503, 0.956, 0.822, 0.98, 0.799, 0.955, 0.602, 0.87, 0.886, 0.723, 0.724]","[0.743, 0.569, 0.716, 0.7, 0.719, 0.952, 0.795, 0.791, 0.486, 0.66, 0.899, 0.309, 0.875, 0.847, 0.716, 0.783]","[5, 1, 11, 0, 7, 1, 7, 1, 6, 11, 1, 8, 6, 11, 3, 7]","[-8.418, -5.916, -7.918, -5.269, -8.207, -9.308, -5.311, -4.87, -7.31, -8.829, -7.599, -8.396, -8.501, -8.296, -6.407, -8.958]","[0, 1, 1, 0, 1, 1, 1, 1, 1, 0, 1, 1, 0, 1, 0, 1]","[0.162, 0.206, 0.136, 0.0752, 0.0835, 0.572, 0.15, 0.0414, 0.251, 0.175, 0.273, 0.352, 0.205, 0.1, 0.0437, 0.176]","[0.00695, 0.00492, 0.0265, 0.00196, 1.91e-05, 0.268, 0.00356, 0.00108, 0.03, 0.000996, 0.0171, 0.0706, 0.192, 0.0888, 5.42e-05, 0.00021]","[0.796, 0.0353, 0.846, 0.891, 0.926, 0.272, 0.889, 0.621, 0.823, 0.446, 0.64, 0.294, 0.357, 0.937, 0.905, 0.49]","[0.0936, 0.474, 0.246, 0.267, 0.0847, 0.875, 0.0906, 0.0567, 0.0995, 0.313, 0.0642, 0.0895, 0.0804, 0.087, 0.072, 0.295]","[0.336, 0.919, 0.828, 0.892, 0.569, 0.174, 0.841, 0.21, 0.823, 0.391, 0.331, 0.559, 0.715, 0.443, 0.0748, 0.3]","[111.019, 110.943, 126.527, 111.215, 126.874, 126.345, 121.294, 130.059, 123.206, 125.909, 134.941, 176.704, 124.298, 126.163, 128.701, 111.833]","['7fYIXtdOUl8WqXAqQGyIHQ', '7dTWkvPOPgbGuMk4HDxNpY', '5pgZpHqfv4TSomtkfGZGrG', '0MyY4WcN7DIfbSmp5yej5z', '6nQy5XEEEJKu8FE1FS2Wbt', '78H72MElkOY9cRnaudxZFY', '1pKYYY0dkg23sQQXi0Q5zN', '6hgBJPTHoDJyxydmtFWHKf', '4ZdjCuiWBv2weLftWPJ72c', '63ZAmhkAV6Kaw955ohbEsN', '1nluqUxDKnwWyScYVeQHXa', '3Pm4jgrXCu0W7gTqyrlR4F', '6nSOhDfZOulWp0pnEHFrnn', '4jF8GAMRCOenL17cNnBDI0', '1PH5Es89c1cENU8WVuWwbp', '0cjavaamK4gxP9iZYw5I2X']","[164560, 28333, 335027, 328680, 297107, 244400, 429533, 448627, 173493, 362467, 453867, 121200, 414173, 274733, 316253, 51400]","[4, 4, 4, 4, 4, 4, 4, 4, 4, 4, 4, 5, 4, 4, 4, 4]",Homework,Homework
